{
    "eval_loss": 1.5415446758270264,
    "eval_accuracy": 0.5811965811965812,
    "eval_f1_weighted": 0.5056512026986996,
    "eval_f1_macro": 0.26502644217663474,
    "eval_runtime": 3.793,
    "eval_samples_per_second": 30.847,
    "eval_steps_per_second": 1.055,
    "epoch": 5.0
}