{
    "eval_loss": 2.0475716590881348,
    "eval_accuracy": 0.3076923076923077,
    "eval_f1_weighted": 0.14479638009049775,
    "eval_f1_macro": 0.05228758169934641,
    "eval_runtime": 3.7805,
    "eval_samples_per_second": 30.948,
    "eval_steps_per_second": 1.058,
    "epoch": 4.0
}