{
    "eval_loss": 1.033583641052246,
    "eval_accuracy": 0.7008547008547008,
    "eval_f1_weighted": 0.6593017119332909,
    "eval_f1_macro": 0.3793701425280373,
    "eval_runtime": 1.164,
    "eval_samples_per_second": 100.514,
    "eval_steps_per_second": 3.436,
    "epoch": 5.0
}