{
    "eval_loss": 1.4853150844573975,
    "eval_accuracy": 0.5299145299145299,
    "eval_f1_weighted": 0.42429418694739535,
    "eval_f1_macro": 0.18831720230422466,
    "eval_runtime": 1.1155,
    "eval_samples_per_second": 104.888,
    "eval_steps_per_second": 3.586,
    "epoch": 5.0
}