{
    "eval_loss": 1.5644384622573853,
    "eval_accuracy": 0.5384615384615384,
    "eval_f1_weighted": 0.4478450337986042,
    "eval_f1_macro": 0.2008998935240487,
    "eval_runtime": 1.6028,
    "eval_samples_per_second": 72.997,
    "eval_steps_per_second": 2.496,
    "epoch": 5.0
}