{
    "eval_loss": 1.6938148736953735,
    "eval_accuracy": 0.47863247863247865,
    "eval_f1_weighted": 0.34037819799777536,
    "eval_f1_macro": 0.13760145017097186,
    "eval_runtime": 1.9036,
    "eval_samples_per_second": 61.462,
    "eval_steps_per_second": 2.101,
    "epoch": 5.0
}