{
    "eval_loss": 1.6959095001220703,
    "eval_accuracy": 0.4444444444444444,
    "eval_f1_weighted": 0.35609819121447034,
    "eval_f1_macro": 0.1552885443583118,
    "eval_runtime": 3.6829,
    "eval_samples_per_second": 31.768,
    "eval_steps_per_second": 1.086,
    "epoch": 5.0
}