{
    "eval_loss": 0.7909310460090637,
    "eval_accuracy": 0.7692307692307693,
    "eval_f1_weighted": 0.7446585244993733,
    "eval_f1_macro": 0.46066481411308996,
    "eval_runtime": 3.6133,
    "eval_samples_per_second": 32.38,
    "eval_steps_per_second": 1.107,
    "epoch": 5.0
}