{
    "eval_loss": 1.7851030826568604,
    "eval_accuracy": 0.38461538461538464,
    "eval_f1_weighted": 0.2684542972312757,
    "eval_f1_macro": 0.14000003928061483,
    "eval_runtime": 1.1812,
    "eval_samples_per_second": 99.049,
    "eval_steps_per_second": 3.386,
    "epoch": 5.0
}